{"cameraMode":{"drawMode":0,"name":"Shaded","section":"Shading Mode"},"sceneLighting":true,"audioPlay":false,"sceneViewState":{"showFog":false,"showMaterialUpdate":false,"showSkybox":false,"showFlares":false,"showImageEffects":false,"showParticleSystems":false},"in2DMode":false,"pivot":{"x":-20.790653228759767,"y":6.630545616149902,"z":37.12028884887695},"rotation":{"x":0.040628258138895038,"y":-0.6419354677200317,"z":0.03416644036769867,"w":0.7650098204612732},"size":14.630199432373047,"orthographic":false}