{"cameraMode":{"drawMode":0,"name":"Shaded","section":"Shading Mode"},"sceneLighting":true,"audioPlay":false,"sceneViewState":{"showFog":true,"showMaterialUpdate":false,"showSkybox":true,"showFlares":true,"showImageEffects":true,"showParticleSystems":true},"in2DMode":false,"pivot":{"x":10.870870590209961,"y":-4.574649810791016,"z":4.964155673980713},"rotation":{"x":0.22534702718257905,"y":0.6149366497993469,"z":-0.18942038714885713,"w":0.7315690517425537},"size":19.35282325744629,"orthographic":false}