{"cameraMode":{"drawMode":0,"name":"Shaded","section":"Shading Mode"},"sceneLighting":true,"audioPlay":false,"sceneViewState":{"showFog":true,"showMaterialUpdate":false,"showSkybox":true,"showFlares":true,"showImageEffects":true,"showParticleSystems":true},"in2DMode":false,"pivot":{"x":-15.639808654785157,"y":8.077561378479004,"z":17.3929443359375},"rotation":{"x":0.3386797606945038,"y":0.1172894611954689,"z":-0.04243676736950874,"w":0.9326626658439636},"size":11.327783584594727,"orthographic":false}