{"cameraMode":{"drawMode":0,"name":"Shaded","section":"Shading Mode"},"sceneLighting":true,"audioPlay":false,"sceneViewState":{"showFog":false,"showMaterialUpdate":false,"showSkybox":false,"showFlares":false,"showImageEffects":false,"showParticleSystems":false},"in2DMode":false,"pivot":{"x":2.040205240249634,"y":15.240068435668946,"z":104.70943450927735},"rotation":{"x":0.2603214383125305,"y":0.06020064279437065,"z":-0.015005145221948624,"w":0.9639081954956055},"size":22.133895874023439,"orthographic":false}