{"cameraMode":{"drawMode":0,"name":"Shaded","section":"Shading Mode"},"sceneLighting":true,"audioPlay":false,"sceneViewState":{"showFog":false,"showMaterialUpdate":false,"showSkybox":false,"showFlares":false,"showImageEffects":false,"showParticleSystems":false},"in2DMode":false,"pivot":{"x":37.499267578125,"y":-45.904354095458987,"z":132.81854248046876},"rotation":{"x":0.44079485535621645,"y":-0.039255186915397647,"z":0.0200019720941782,"w":0.8967282772064209},"size":117.88133239746094,"orthographic":false}