{"cameraMode":{"drawMode":0,"name":"Shaded","section":"Shading Mode"},"sceneLighting":true,"audioPlay":false,"sceneViewState":{"showFog":false,"showMaterialUpdate":false,"showSkybox":false,"showFlares":false,"showImageEffects":false,"showParticleSystems":false},"in2DMode":false,"pivot":{"x":-53.08550262451172,"y":2.2433700561523439,"z":-75.44131469726563},"rotation":{"x":0.186965674161911,"y":-0.4214974045753479,"z":0.09027992188930512,"w":0.8829556107521057},"size":15.934941291809082,"orthographic":false}