{"cameraMode":{"drawMode":0,"name":"Shaded","section":"Shading Mode"},"sceneLighting":true,"audioPlay":false,"sceneViewState":{"showFog":true,"showMaterialUpdate":false,"showSkybox":true,"showFlares":true,"showImageEffects":true,"showParticleSystems":true},"in2DMode":false,"pivot":{"x":54.20045471191406,"y":-30.31122589111328,"z":-33.5628776550293},"rotation":{"x":0.07998593151569367,"y":0.8930159211158752,"z":-0.17521454393863679,"w":0.4068862497806549},"size":95.0339584350586,"orthographic":false}