{"cameraMode":{"drawMode":0,"name":"Shaded","section":"Shading Mode"},"sceneLighting":true,"audioPlay":false,"sceneViewState":{"showFog":false,"showMaterialUpdate":false,"showSkybox":false,"showFlares":false,"showImageEffects":false,"showParticleSystems":false},"in2DMode":false,"pivot":{"x":11.984910011291504,"y":11.345888137817383,"z":99.7258529663086},"rotation":{"x":-0.22684212028980256,"y":0.05480315163731575,"z":-0.013488692231476307,"w":-0.972488522529602},"size":16.99300193786621,"orthographic":false}