{"cameraMode":{"drawMode":0,"name":"Shaded","section":"Shading Mode"},"sceneLighting":true,"audioPlay":false,"sceneViewState":{"showFog":false,"showMaterialUpdate":false,"showSkybox":false,"showFlares":false,"showImageEffects":false,"showParticleSystems":false},"in2DMode":false,"pivot":{"x":-40.452110290527347,"y":2.909062385559082,"z":-54.81288528442383},"rotation":{"x":0.012299963273108006,"y":-0.48937249183654787,"z":-0.00812133215367794,"w":-0.8721460103988648},"size":47.09976577758789,"orthographic":false}