{"cameraMode":{"drawMode":0,"name":"Shaded","section":"Shading Mode"},"sceneLighting":true,"audioPlay":false,"sceneViewState":{"showFog":false,"showMaterialUpdate":false,"showSkybox":false,"showFlares":false,"showImageEffects":false,"showParticleSystems":false},"in2DMode":false,"pivot":{"x":21.964599609375,"y":-0.45751285552978518,"z":72.34589385986328},"rotation":{"x":-0.26860204339027407,"y":0.1493826061487198,"z":-0.042747627943754199,"w":-0.9508298635482788},"size":10.528934478759766,"orthographic":false}