{"cameraMode":{"drawMode":0,"name":"Shaded","section":"Shading Mode"},"sceneLighting":true,"audioPlay":false,"sceneViewState":{"showFog":false,"showMaterialUpdate":false,"showSkybox":false,"showFlares":false,"showImageEffects":false,"showParticleSystems":false},"in2DMode":false,"pivot":{"x":-6.813819885253906,"y":9.508623123168946,"z":-105.7828140258789},"rotation":{"x":0.19415941834449769,"y":0.4631538987159729,"z":-0.10340463370084763,"w":0.8590046167373657},"size":56.771949768066409,"orthographic":false}