{"cameraMode":{"drawMode":0,"name":"Shaded","section":"Shading Mode"},"sceneLighting":true,"audioPlay":false,"sceneViewState":{"showFog":false,"showMaterialUpdate":false,"showSkybox":false,"showFlares":false,"showImageEffects":false,"showParticleSystems":false},"in2DMode":false,"pivot":{"x":4.007240295410156,"y":14.14592170715332,"z":14.99625301361084},"rotation":{"x":0.0341799259185791,"y":0.5989867448806763,"z":-0.025420157238841058,"w":0.7997169494628906},"size":94.68331146240235,"orthographic":false}