{"cameraMode":{"drawMode":0,"name":"Shaded","section":"Shading Mode"},"sceneLighting":true,"audioPlay":false,"sceneViewState":{"showFog":false,"showMaterialUpdate":false,"showSkybox":false,"showFlares":false,"showImageEffects":false,"showParticleSystems":false},"in2DMode":false,"pivot":{"x":-87.57827758789063,"y":-23.883466720581056,"z":9.148294448852539},"rotation":{"x":0.3417428433895111,"y":-0.22290199995040894,"z":0.08491359651088715,"w":0.9094542264938355},"size":55.63273620605469,"orthographic":false}