{"cameraMode":{"drawMode":0,"name":"Shaded","section":"Shading Mode"},"sceneLighting":true,"audioPlay":false,"sceneViewState":{"showFog":false,"showMaterialUpdate":false,"showSkybox":false,"showFlares":false,"showImageEffects":false,"showParticleSystems":false},"in2DMode":false,"pivot":{"x":-47.41545867919922,"y":-2.975592613220215,"z":-103.76470947265625},"rotation":{"x":0.38895389437675478,"y":0.06171960011124611,"z":-0.02484280616044998,"w":0.9192482829093933},"size":22.133895874023439,"orthographic":false}