{"cameraMode":{"drawMode":0,"name":"Shaded","section":"Shading Mode"},"sceneLighting":true,"audioPlay":false,"sceneViewState":{"showFog":false,"showMaterialUpdate":false,"showSkybox":false,"showFlares":false,"showImageEffects":false,"showParticleSystems":false},"in2DMode":false,"pivot":{"x":30.54661750793457,"y":24.264976501464845,"z":74.12039184570313},"rotation":{"x":0.15066145360469819,"y":-0.6338841319084168,"z":0.12932026386260987,"w":0.7480029463768005},"size":27.304712295532228,"orthographic":false}