{"cameraMode":{"drawMode":0,"name":"Shaded","section":"Shading Mode"},"sceneLighting":true,"audioPlay":false,"sceneViewState":{"showFog":true,"showMaterialUpdate":false,"showSkybox":true,"showFlares":true,"showImageEffects":true,"showParticleSystems":true},"in2DMode":false,"pivot":{"x":28.86431312561035,"y":-12.303523063659668,"z":29.936359405517579},"rotation":{"x":0.29452425241470339,"y":0.4258306622505188,"z":-0.1488647609949112,"w":0.8424820899963379},"size":45.92270278930664,"orthographic":false}