{"cameraMode":{"drawMode":0,"name":"Shaded","section":"Shading Mode"},"sceneLighting":true,"audioPlay":false,"sceneViewState":{"showFog":true,"showMaterialUpdate":true,"showSkybox":true,"showFlares":true,"showImageEffects":true,"showParticleSystems":true},"in2DMode":false,"pivot":{"x":14.905237197875977,"y":-10.568607330322266,"z":14.331859588623047},"rotation":{"x":0.2832784354686737,"y":0.37226301431655886,"z":-0.12043672055006027,"w":0.8755978345870972},"size":31.70431900024414,"orthographic":false}