{"cameraMode":{"drawMode":0,"name":"Shaded","section":"Shading Mode"},"sceneLighting":true,"audioPlay":false,"sceneViewState":{"showFog":true,"showMaterialUpdate":true,"showSkybox":true,"showFlares":true,"showImageEffects":true,"showParticleSystems":true},"in2DMode":false,"pivot":{"x":17.067394256591798,"y":-12.828378677368164,"z":14.835380554199219},"rotation":{"x":0.4803590774536133,"y":0.026300882920622827,"z":-0.014413281343877316,"w":0.8765605092048645},"size":43.50621795654297,"orthographic":false}