{"cameraMode":{"drawMode":0,"name":"Shaded","section":"Shading Mode"},"sceneLighting":true,"audioPlay":false,"sceneViewState":{"showFog":true,"showMaterialUpdate":true,"showSkybox":true,"showFlares":true,"showImageEffects":true,"showParticleSystems":true},"in2DMode":false,"pivot":{"x":1.2547820806503297,"y":1.474750280380249,"z":2.7845237255096437},"rotation":{"x":0.2750155031681061,"y":0.48113179206848147,"z":-0.1620616614818573,"w":0.8164722919464111},"size":10.519404411315918,"orthographic":false}